INSERT INTO usuario (Nome, Telefone, Email, Senha_hash, Tipo, Perfil_usuario) VALUES 
('João Silva', '(11) 99999-9999', 'joao@email.com', '$2a$$xpto', 'PESSOA', 'ADOTANTE'),
('Maria Souza', '(11) 88888-8888', 'maria@email.com', '$2a$10$xpto', 'PESSOA', 'AMBOS'),
('ONG Pets Felizes', '(11) 77777-7777', 'ong@pets.com', '$2a$10$xpto', 'ONG', 'PROTETOR');

INSERT INTO historico_usuario (Id_usuario, Mensagem) VALUES 
(1, 'Usuário cadastrado no sistema'),
(2, 'Primeiro acesso realizado'),
(3, 'Cadastro de ONG verificado');

INSERT INTO categorias (Nome) VALUES 
('Comportamento'),
('Saúde'),
('Cuidados');

INSERT INTO tags (Nome, Id_categoria) VALUES 
('Brincalhão', 1),
('Calmo', 1),
('Vacinação', 2),
('Castrado', 2),
('Banho', 3);

INSERT INTO pet (Id_usuario, Nome, Especie, Raca, Idade_ano, Idade_mes, Porte, Peso, Sexo, Bio) VALUES 
(1, 'Rex', 'Cachorro', 'POODLE', 3, 0, 'MEDIO', 12.5, 'M', 'Cachorro muito brincalhao e amoroso'),
(2, 'Luna', 'Gato', 'PUG', 2, 0, 'PEQUENO', 4.2, 'F', 'Gatinha tranquila que adora carinho'),
(3, 'Max', 'Cachorro', 'BULLDOG', 5, 0, 'GRANDE', 25.0, 'M', 'Cachorro protetor e leal'),
(1, 'Mia', 'Gato', 'SIAMESE', 1, 0, 'PEQUENO', 3.0, 'F', 'Gatinha curiosa e brincalhona'),
(2, 'Bobby', 'Cachorro', 'VIRALATA', 13, 0, 'MEDIO', 15.0, 'M', 'Cachorro amigavel e sociavel'),
(3, 'Nina', 'Gato', 'VIRALATA', 3, 0, 'PEQUENO', 3.5, 'F', 'Gata independente e carinhosa'),
(1, 'Toby', 'Cachorro', 'BEAGLE', 6, 0, 'PEQUENO', 10.0, 'M', 'Cachorro curioso e ativo'),
(2, 'Lily', 'Gato', 'PERSA', 9, 0, 'PEQUENO', 5.0, 'F', 'Gata tranquila e afetuosa'),
(3, 'Charlie', 'Cachorro', 'LABRADOR', 4, 0, 'GRANDE', 30.0, 'M', 'Cachorro amigavel e brincalhao'),
(1, 'Bella', 'Gato', 'SIBERIANO', 2, 0, 'PEQUENO', 4.5, 'F', 'Gata carinhosa e brincalhona'),
(2, 'Rocky', 'Cachorro', 'GERMAN SHEPHERD', 7, 0, 'GRANDE', 35.0, 'M', 'Cachorro protetor e inteligente'),
(3, 'Sophie', 'Gato', 'BRITISH SHORTHAIR', 5, 0, 'PEQUENO', 4.0, 'F', 'Gata tranquila e afetuosa'),
(1, 'Oscar', 'Cachorro', 'DACHSHUND', 8, 0, 'PEQUENO', 9.0, 'M', 'Cachorro curioso e brincalhao'),
(2, 'Chloe', 'Gato', 'RAGDOLL', 3, 0, 'PEQUENO', 6.0, 'F', 'Gata carinhosa e tranquila'),
(3, 'Ziggy', 'Cachorro', 'LABRADOR', 4, 0, 'GRANDE', 29.0, 'M', 'Muito brincalhao e carinhoso'),
(1, 'Luna', 'Gato', 'SIAMES', 2, 0, 'PEQUENO', 3.6, 'F', 'Gata vocal e esperta'),
(2, 'Apollo', 'Passaro', 'CALOPSITA', 1, 0, 'PEQUENO', 0.09, 'M', 'Canta e adora carinho na cabeca'),
(3, 'Mel', 'Hamster', 'SIRIO', 1, 0, 'PEQUENO', 0.12, 'F', 'Rodeia a rodinha a noite toda'),
(1, 'Toby', 'Cachorro', 'BEAGLE', 3, 0, 'MEDIO', 12.5, 'M', 'Adora cavar buracos e correr'),
(2, 'Kiara', 'Coelho', 'MINI LION', 2, 0, 'PEQUENO', 1.8, 'F', 'Fofa e adora cenoura'),
(3, 'Rocky', 'Cachorro', 'BOXER', 6, 0, 'GRANDE', 33.0, 'M', 'Protetor e brincalhao'),
(1, 'Nina', 'Gato', 'PERSA', 5, 0, 'PEQUENO', 4.3, 'F', 'Tranquila e carente'),
(2, 'Leo', 'Cachorro', 'POODLE', 7, 0, 'PEQUENO', 6.7, 'M', 'Muito esperto e docil'),
(3, 'Jade', 'Passaro', 'PERIQUITO', 1, 0, 'PEQUENO', 0.05, 'F', 'Colorida e curiosa'),
(1, 'Thor', 'Cachorro', 'HUSKY SIBERIANO', 4, 0, 'GRANDE', 28.9, 'M', 'Ama correr na grama'),
(2, 'Lili', 'Gato', 'ANGORA', 3, 0, 'PEQUENO', 3.5, 'F', 'Sociavel e ronrona muito'),
(3, 'Bento', 'Coelho', 'ORELHUDO', 1, 0, 'PEQUENO', 2.1, 'M', 'Adora brincar com rolinho de papel'),
(1, 'Sasha', 'Gato', 'VIRALATA', 6, 0, 'PEQUENO', 3.9, 'F', 'Muito esperta e cacadora'),
(2, 'Spike', 'Cachorro', 'ROTTWEILER', 5, 0, 'GRANDE', 39.0, 'M', 'Forte, leal e protetor'),
(3, 'Tina', 'Tartaruga', 'TIGRE DA AGUA', 8, 0, 'PEQUENO', 0.7, 'F', 'Calma e tranquila'),
(1, 'Fred', 'Hamster', 'ANAO RUSSO', 1, 0, 'PEQUENO', 0.1, 'M', 'Pequenino e veloz'),
(2, 'Lola', 'Gato', 'MAINE COON', 4, 0, 'MEDIO', 6.5, 'F', 'Grande, fofa e docil'),
(3, 'Ozzy', 'Passaro', 'CANARIO', 2, 0, 'PEQUENO', 0.08, 'M', 'Canta todas as manhas'),
(1, 'Maya', 'Cachorro', 'GOLDEN RETRIEVER', 3, 0, 'GRANDE', 27.0, 'F', 'Muito amigavel e ativa'),
(2, 'Pingo', 'Cachorro', 'PINSCHER', 5, 0, 'PEQUENO', 4.2, 'M', 'Pequeno, mas valente'),
(3, 'Nina', 'Gato', 'RAGDOLL', 2, 0, 'PEQUENO', 4.0, 'F', 'Docinha e adora colo'),
(1, 'Bob', 'Cachorro', 'VIRALATA', 6, 0, 'MEDIO', 17.3, 'M', 'Muito esperto e fiel'),
(2, 'Cacau', 'Coelho', 'MINI REX', 3, 0, 'PEQUENO', 1.6, 'F', 'Pelagem super macia'),
(3, 'Romeu', 'Cachorro', 'COCKER SPANIEL', 4, 0, 'MEDIO', 13.2, 'M', 'Carinhoso e brincalhao'),
(1, 'Luna', 'Tartaruga', 'TIGRE DA AGUA', 10, 0, 'PEQUENO', 1.0, 'F', 'Lenta e muito observadora'),
(2, 'Theo', 'Gato', 'BRITISH SHORTHAIR', 3, 0, 'PEQUENO', 4.8, 'M', 'Gosta de dormir o dia todo'),
(3, 'Mimi', 'Hamster', 'CHINES', 1, 0, 'PEQUENO', 0.11, 'F', 'Muito agil e curiosa'),
(1, 'Marley', 'Cachorro', 'DALMATA', 5, 0, 'GRANDE', 30.0, 'M', 'Cheio de energia e lealdade'),
(2, 'Bella', 'Gato', 'BENGAL', 2, 0, 'PEQUENO', 3.9, 'F', 'Cheia de energia e pulos altos'),
(3, 'Zara', 'Cachorro', 'SHIH TZU', 3, 0, 'PEQUENO', 5.5, 'F', 'Muito fofa e adora brincar'),
(1, 'Leo', 'Gato', 'SPHYNX', 4, 0, 'PEQUENO', 3.0, 'M', 'Adora calor e carinho constante'),
(2, 'Mel', 'Cachorro', 'POODLE', 5, 0, 'PEQUENO', 8.0, 'F', 'Muito esperta e adora colo'),
(3, 'Simba', 'Gato', 'MAINE COON', 2, 0, 'MEDIO', 6.5, 'M', 'Gato peludo e sociavel'),
(1, 'Fred', 'Gato', 'PERSA', 6, 0, 'PEQUENO', 5.0, 'M', 'Calmo e gosta de lugares altos'),
(2, 'Amora', 'Cachorro', 'BEAGLE', 3, 0, 'PEQUENO', 10.0, 'F', 'Exploradora e ativa'),
(3, 'Tigrinho', 'Gato', 'VIRALATA', 1, 0, 'PEQUENO', 2.5, 'M', 'Filhote curioso'),
(1, 'Cacau', 'Cachorro', 'SHIH TZU', 4, 0, 'PEQUENO', 7.0, 'F', 'Adora colo e criancas'),
(2, 'Sasha', 'Cachorro', 'COCKER SPANIEL', 4, 0, 'MEDIO', 12.0, 'F', 'Orelhuda e brincalhona'),
(3, 'Belinha', 'Cachorro', 'POODLE', 10, 0, 'PEQUENO', 6.2, 'F', 'Muito docil e ja tranquila'),
(1, 'Tobias', 'Cachorro', 'VIRALATA', 12, 0, 'MEDIO', 18.0, 'M', 'Idoso calmo e amoroso'),
(2, 'Mimi', 'Gato', 'PERSA', 9, 0, 'PEQUENO', 4.5, 'F', 'Gosta de dormir no sol'),
(3, 'Chico', 'Gato', 'SIAMES', 11, 0, 'PEQUENO', 5.1, 'M', 'Gato de colo, muito manso'),
(1, 'Zezinho', 'Passaro', 'CALOPSITA', 8, 0, 'PEQUENO', 0.1, 'M', 'Ja viveu bastante e canta baixinho'),
(2, 'Dona Flor', 'Cachorro', 'SHIH TZU', 13, 0, 'PEQUENO', 7.5, 'F', 'Precisa de cuidados especiais'),
(3, 'Tina', 'Gato', 'ANGORA', 10, 0, 'PEQUENO', 3.9, 'F', 'Muito calma e afetuosa'),
(1, 'Guga', 'Cachorro', 'BASSET', 14, 0, 'MEDIO', 20.0, 'M', 'Idoso simpatico e adora companhia'),
(2, 'Lola', 'Coelho', 'MINI LOP', 9, 0, 'PEQUENO', 1.9, 'F', 'Alegre, mesmo com a idade'),
(3, 'Teco', 'Hamster', 'SIRIO', 2, 0, 'PEQUENO', 0.18, 'M', 'Idoso para a especie, mas ativo');

INSERT INTO pet_favoritos (Id_usuario, Id_pet) VALUES
(1, 2),
(2, 1),
(2, 3);        

INSERT INTO historico_medico_pet (Id_pet, Tipo, Descricao, Data, Documento) VALUES 
(5, 'VACINA', 'Vacina V8 aplicada com sucesso.', '2024-05-10', null),
(19, 'DOENCA', 'Diagnosticado com cinomose em 2023. Totalmente recuperado.', '2023-09-01', NULL),
(13, 'OUTROS', 'O cachorro se jogou da janela e acabou quebrando suas patas.', '2024-05-27', null),
(1, 'ALIMENTACAO', 'Necessário ração hipoalergênica. Não pode comer frango.', NULL, NULL),
(1, 'TRATAMENTO', 'Uso diário de medicamento para controle de ansiedade.', '2024-03-15', 'receita_controlada.pdf'),
(1, 'COMPORTAMENTO', 'Agressivo com homens desconhecidos. Precisa de aproximação lenta.', NULL, NULL),
(1, 'RESTRICAO_MOBILIDADE', 'Problema na pata traseira esquerda. Limitação ao caminhar.', '2024-04-05', NULL);

INSERT INTO solicitacao_adocao (Id_pet, Id_protetor, Id_adotante, Situacao) VALUES
(1, 1, 2, 'Pendente'),
(2, 1, 2, 'Pendente'),
(3, 1, 2, 'Recusada'),
(4, 2, 3, 'Aceita');

INSERT INTO adocao (Id_pet, Id_adotante, Status) VALUES
(1, 1, 'Disponivel'),
(2, 2, 'Disponivel'),
(3, 3, 'Disponivel'),
(4, 1, 'Disponivel'),
(5, 2, 'Disponivel'),
(6, 3, 'Disponivel'),
(7, 1, 'Disponivel'),
(8, 2, 'Disponivel'),
(9, 3, 'Disponivel'),
(10, 1, 'Disponivel'),
(11, 2, 'Disponivel'),
(12, 3, 'Disponivel'),
(13, 1, 'Disponivel'),
(14, 2, 'Disponivel'),
(15, 3, 'Disponivel'),
(16, 1, 'Disponivel'),
(17, 2, 'Disponivel'),
(18, 3, 'Disponivel'),
(19, 1, 'Disponivel'),
(20, 2, 'Disponivel'),
(21, 3, 'Disponivel'),
(22, 1, 'Disponivel'),
(23, 2, 'Disponivel'),
(24, 3, 'Disponivel'),
(25, 1, 'Disponivel'),
(26, 2, 'Disponivel'),
(27, 3, 'Disponivel'),
(28, 1, 'Disponivel'),
(29, 2, 'Disponivel'),
(30, 3, 'Disponivel'),
(31, 1, 'Disponivel'),
(32, 2, 'Disponivel'),
(33, 3, 'Disponivel'),
(34, 1, 'Disponivel'),
(35, 2, 'Disponivel'),
(36, 3, 'Disponivel'),
(37, 1, 'Disponivel'),
(38, 2, 'Disponivel'),
(39, 3, 'Disponivel'),
(40, 1, 'Disponivel'),
(41, 2, 'Disponivel'),
(42, 3, 'Disponivel'),
(43, 1, 'Disponivel'),
(44, 2, 'Disponivel'),
(45, 3, 'Disponivel'),
(46, 1, 'Disponivel'),
(47, 2, 'Disponivel'),
(48, 3, 'Disponivel'),
(49, 1, 'Disponivel'),
(50, 2, 'Disponivel'),
(51, 3, 'Disponivel'),
(52, 1, 'Disponivel'),
(53, 2, 'Disponivel'),
(54, 3, 'Disponivel'),
(55, 1, 'Disponivel'),
(56, 2, 'Disponivel'),
(57, 3, 'Disponivel'),
(58, 1, 'Disponivel'),
(59, 2, 'Disponivel'),
(60, 3, 'Disponivel'),
(61, 1, 'Disponivel'),
(62, 2, 'Disponivel'),
(63, 3, 'Disponivel');

INSERT INTO historico_adocao (Id_adocao, Id_protetor) VALUES 
(1, 3),
(2, 3);

INSERT INTO tags_pet (Id_pet, Id_tag) VALUES 
(1, 1),
(1, 3),
(1, 4),
(2, 2),
(2, 4);